Date,Open,High,Low,Close,Adj Close,Volume
1996-04-29,10.260000,10.260000,10.150000,10.150000,5.815870,0
1996-05-06,10.140000,10.140000,10.090000,10.090000,5.781488,0
1996-05-13,10.060000,10.150000,10.060000,10.150000,5.815870,0
1996-05-20,10.130000,10.140000,10.050000,10.050000,5.758571,0
1996-05-27,10.050000,10.160000,10.050000,10.160000,5.821599,0
1996-06-03,10.090000,10.110000,10.040000,10.040000,5.752841,0
1996-06-10,10.050000,10.140000,10.050000,10.140000,5.810141,0
1996-06-17,10.140000,10.210000,10.140000,10.170000,5.827331,0
1996-06-24,10.200000,10.210000,10.180000,10.210000,5.850251,0
1996-07-01,10.200000,10.200000,10.120000,10.120000,5.798680,0
1996-07-08,10.020000,10.070000,9.940000,9.940000,5.695541,0
1996-07-15,9.900000,9.970000,9.840000,9.970000,5.712733,0
1996-07-22,9.870000,9.880000,9.720000,9.790000,5.609591,0
1996-07-29,9.780000,9.980000,9.770000,9.980000,5.718461,0
1996-08-05,10.030000,10.030000,9.900000,9.900000,5.672623,0
1996-08-12,9.930000,9.960000,9.930000,9.950000,5.701271,0
1996-08-19,9.970000,10.080000,9.970000,10.080000,5.775762,0
1996-08-26,10.060000,10.070000,9.920000,9.920000,5.684082,0
1996-09-02,9.830000,9.900000,9.830000,9.870000,5.655433,0
1996-09-09,9.900000,9.970000,9.870000,9.970000,5.712733,0
1996-09-16,10.020000,10.100000,10.020000,10.070000,5.770030,0
1996-09-23,10.030000,10.140000,10.030000,10.140000,5.810141,0
1996-09-30,10.170000,10.220000,10.170000,10.170000,5.827331,0
1996-10-07,10.180000,10.180000,10.110000,10.120000,5.798680,0
1996-10-14,10.160000,10.260000,10.160000,10.260000,5.878899,0
1996-10-21,10.230000,10.230000,10.090000,10.090000,5.781488,0
1996-10-28,10.080000,10.080000,10.050000,10.070000,5.770030,0
1996-11-04,10.080000,10.270000,10.080000,10.270000,5.884627,0
1996-11-11,10.280000,10.400000,10.280000,10.400000,5.959119,0
1996-11-18,10.390000,10.500000,10.390000,10.500000,6.016418,0
1996-11-25,10.490000,10.500000,10.430000,10.430000,5.976308,0
1996-12-02,10.370000,10.390000,10.190000,10.190000,5.838789,0
1996-12-09,10.240000,10.310000,10.080000,10.080000,5.775762,0
1996-12-16,10.150000,10.190000,10.100000,10.190000,5.838789,0
1996-12-23,10.210000,10.210000,10.040000,10.040000,5.752841,0
1996-12-30,10.080000,10.140000,10.040000,10.050000,5.859396,0
1997-01-06,10.110000,10.110000,9.840000,9.840000,5.736961,0
1997-01-13,9.950000,10.090000,9.950000,10.060000,5.865226,0
1997-01-20,9.960000,9.960000,9.880000,9.880000,5.760283,0
1997-01-27,9.790000,9.900000,9.770000,9.900000,5.771942,0
1997-02-03,9.880000,9.910000,9.870000,9.870000,5.754452,0
1997-02-10,9.990000,10.040000,9.960000,10.040000,5.853566,0
1997-02-17,10.000000,10.120000,10.000000,10.120000,5.900208,0
1997-02-24,10.170000,10.220000,10.080000,10.080000,5.876888,0
1997-03-03,10.020000,10.050000,10.020000,10.050000,5.859396,0
1997-03-10,10.130000,10.160000,9.990000,10.000000,5.830245,0
1997-03-17,9.940000,9.990000,9.860000,9.940000,5.795263,0
1997-03-24,9.890000,10.090000,9.890000,10.090000,5.882714,0
1997-03-31,10.070000,10.070000,9.840000,9.840000,5.736961,0
1997-04-07,9.800000,9.830000,9.750000,9.750000,5.684488,0
1997-04-14,9.670000,9.900000,9.670000,9.900000,5.771942,0
1997-04-21,9.990000,10.030000,9.970000,9.970000,5.812755,0
1997-04-28,9.940000,10.200000,9.940000,10.200000,5.946849,0
1997-05-05,10.250000,10.580000,10.250000,10.580000,6.168399,0
1997-05-12,10.720000,10.890000,10.720000,10.890000,6.349136,0
1997-05-19,10.840000,10.910000,10.830000,10.900000,6.354967,0
1997-05-26,10.870000,10.910000,10.750000,10.750000,6.267512,0
1997-06-02,10.830000,10.960000,10.830000,10.960000,6.389948,0
1997-06-09,11.080000,11.130000,11.080000,11.130000,6.489065,0
1997-06-16,11.220000,11.220000,11.150000,11.220000,6.541534,0
1997-06-23,11.230000,11.440000,11.230000,11.360000,6.623161,0
1997-06-30,11.330000,11.540000,11.330000,11.540000,6.728104,0
1997-07-07,11.550000,11.550000,11.510000,11.510000,6.710613,0
1997-07-14,11.540000,11.580000,11.440000,11.460000,6.681461,0
1997-07-21,11.370000,11.540000,11.370000,11.480000,6.693119,0
1997-07-28,11.460000,11.510000,11.380000,11.380000,6.634818,0
1997-08-04,11.250000,11.380000,11.180000,11.380000,6.634818,0
1997-08-11,11.230000,11.250000,11.110000,11.110000,6.477401,0
1997-08-18,10.980000,11.100000,10.950000,10.950000,6.384118,0
1997-08-25,10.910000,10.910000,10.520000,10.520000,6.133419,0
1997-09-01,10.520000,10.800000,10.520000,10.800000,6.296663,0
1997-09-08,10.820000,10.880000,10.600000,10.600000,6.180062,0
1997-09-15,10.670000,10.800000,10.670000,10.800000,6.296663,0
1997-09-22,10.820000,11.030000,10.820000,11.020000,6.424931,0
1997-09-29,11.040000,11.170000,11.040000,11.170000,6.512382,0
1997-10-06,11.170000,11.170000,11.040000,11.040000,6.436591,0
1997-10-13,11.060000,11.090000,10.940000,10.940000,6.378288,0
1997-10-20,10.820000,10.860000,10.420000,10.420000,6.075116,0
1997-10-27,10.150000,10.180000,9.770000,10.090000,5.882714,0
1997-11-03,10.260000,10.270000,9.940000,9.940000,5.795263,0
1997-11-10,9.900000,9.910000,9.650000,9.650000,5.626186,0
1997-11-17,9.990000,10.160000,9.860000,10.160000,5.923529,0
1997-11-24,10.050000,10.050000,9.840000,9.970000,5.812755,0
1997-12-01,10.090000,10.160000,10.090000,10.160000,5.923529,0
1997-12-08,10.180000,10.190000,9.860000,9.860000,5.748621,0
1997-12-15,9.860000,10.140000,9.850000,9.850000,5.742791,0
1997-12-22,9.740000,9.820000,9.740000,9.820000,5.725300,0
1997-12-29,9.790000,9.880000,9.790000,9.870000,5.754452,0
1998-01-05,9.860000,9.860000,9.470000,9.470000,5.630177,0
1998-01-12,9.190000,9.750000,9.190000,9.750000,5.796643,0
1998-01-19,9.880000,9.980000,9.880000,9.980000,5.933384,0
1998-01-26,10.070000,10.190000,10.070000,10.170000,6.046346,0
1998-02-02,10.380000,10.650000,10.380000,10.650000,6.331717,0
1998-02-09,10.620000,10.700000,10.490000,10.490000,6.236594,0
1998-02-16,10.580000,10.620000,10.580000,10.600000,6.301995,0
1998-02-23,10.650000,10.870000,10.570000,10.870000,6.462516,0
1998-03-02,11.040000,11.040000,10.700000,10.840000,6.444679,0
1998-03-09,10.880000,11.070000,10.880000,11.070000,6.581420,0
1998-03-16,11.030000,11.160000,11.030000,11.160000,6.634927,0
1998-03-23,11.220000,11.360000,11.220000,11.360000,6.753836,0
1998-03-30,11.190000,11.250000,11.190000,11.200000,6.658709,0
1998-04-06,11.340000,11.530000,11.340000,11.530000,6.854902,0
1998-04-13,11.510000,11.640000,11.370000,11.370000,6.759779,0
1998-04-20,11.450000,11.500000,11.310000,11.310000,6.724108,0
1998-04-27,11.020000,11.360000,11.020000,11.360000,6.753836,0
1998-05-04,11.480000,11.480000,11.240000,11.270000,6.700325,0
1998-05-11,11.380000,11.380000,11.220000,11.220000,6.670599,0
1998-05-18,11.020000,11.390000,11.020000,11.390000,6.771671,0
1998-05-25,11.380000,11.380000,11.110000,11.110000,6.605201,0
1998-06-01,10.990000,11.190000,10.990000,11.190000,6.652762,0
1998-06-08,11.220000,11.220000,10.670000,10.670000,6.343611,0
1998-06-15,10.420000,10.960000,10.420000,10.940000,6.504133,0
1998-06-22,10.800000,10.960000,10.800000,10.910000,6.486296,0
1998-06-29,10.970000,11.240000,10.970000,11.240000,6.682488,0
1998-07-06,11.310000,11.380000,11.190000,11.190000,6.652762,0
1998-07-13,11.310000,11.710000,11.310000,11.710000,6.961919,0
1998-07-20,11.790000,11.790000,11.380000,11.410000,6.783560,0
1998-07-27,11.190000,11.260000,11.170000,11.200000,6.658709,0
1998-08-03,10.990000,10.990000,10.690000,10.730000,6.379281,0
1998-08-10,10.530000,10.530000,10.220000,10.280000,6.111745,0
1998-08-17,10.240000,10.590000,10.150000,10.150000,6.034455,0
1998-08-24,10.180000,10.300000,9.670000,9.670000,5.749081,0
1998-08-31,9.670000,9.880000,9.670000,9.810000,5.832315,0
1998-09-07,10.220000,10.220000,9.770000,9.770000,5.808534,0
1998-09-14,9.950000,10.020000,9.640000,9.640000,5.731247,0
1998-09-21,9.360000,9.740000,9.360000,9.610000,5.713409,0
1998-09-28,9.700000,9.710000,9.050000,9.050000,5.380474,0
1998-10-05,8.880000,9.500000,8.880000,9.340000,5.552886,0
1998-10-12,9.720000,10.210000,9.720000,10.210000,6.070128,0
1998-10-19,10.210000,10.400000,10.210000,10.320000,6.135524,0
1998-10-26,10.270000,10.490000,10.260000,10.490000,6.236594,0
1998-11-02,10.770000,10.930000,10.720000,10.790000,6.414952,0
1998-11-09,10.560000,10.600000,10.420000,10.500000,6.242539,0
1998-11-16,10.780000,11.040000,10.720000,11.040000,6.563585,0
1998-11-23,11.140000,11.230000,11.090000,11.230000,6.676544,0
1998-11-30,11.050000,11.050000,10.820000,10.890000,6.474406,0
1998-12-07,10.890000,11.050000,10.890000,10.910000,6.486296,0
1998-12-14,10.850000,11.070000,10.850000,11.070000,6.581420,0
1998-12-21,11.220000,11.300000,11.160000,11.250000,6.688435,0
1998-12-28,11.330000,11.330000,11.140000,11.190000,6.652762,0
1999-01-04,11.410000,11.670000,11.410000,11.550000,7.002770,0
1999-01-11,11.450000,11.450000,10.980000,11.090000,6.723874,0
1999-01-18,11.270000,11.380000,11.050000,11.050000,6.699621,0
1999-01-25,11.050000,11.120000,11.050000,11.120000,6.742059,0
1999-02-01,11.230000,11.270000,11.020000,11.020000,6.681431,0
1999-02-08,10.940000,10.940000,10.720000,10.920000,6.620801,0
1999-02-15,10.890000,10.890000,10.750000,10.750000,6.517729,0
1999-02-22,10.830000,10.960000,10.830000,10.880000,6.596550,0
1999-03-01,10.740000,10.930000,10.640000,10.930000,6.626865,0
1999-03-08,10.940000,11.320000,10.940000,11.320000,6.863321,0
1999-03-15,11.360000,11.510000,11.360000,11.510000,6.978518,0
1999-03-22,11.430000,11.430000,11.160000,11.170000,6.772376,0
1999-03-29,11.270000,11.470000,11.270000,11.470000,6.960433,0
1999-04-05,11.410000,11.770000,11.410000,11.770000,7.142482,0
1999-04-12,11.760000,11.910000,11.760000,11.840000,7.184962,0
1999-04-19,11.910000,11.910000,11.650000,11.810000,7.166754,0
1999-04-26,11.880000,12.050000,11.880000,11.990000,7.275984,0
1999-05-03,12.020000,12.130000,11.980000,12.050000,7.312396,0
1999-05-10,12.080000,12.080000,11.810000,11.810000,7.166754,0
1999-05-17,11.560000,11.680000,11.560000,11.640000,7.063594,0
1999-05-24,11.610000,11.610000,11.390000,11.390000,6.911884,0
1999-05-31,11.500000,11.550000,11.500000,11.550000,7.008978,0
1999-06-07,11.670000,12.000000,11.670000,12.000000,7.282055,0
1999-06-14,11.870000,12.060000,11.870000,12.060000,7.318466,0
1999-06-21,12.120000,12.120000,11.910000,11.940000,7.245644,0
1999-06-28,11.940000,12.160000,11.890000,12.160000,7.379148,0
1999-07-05,12.290000,12.290000,12.130000,12.140000,7.367014,0
1999-07-12,12.140000,12.310000,12.070000,12.240000,7.427699,0
1999-07-19,12.330000,12.330000,11.920000,11.920000,7.233509,0
1999-07-26,11.930000,12.160000,11.930000,12.160000,7.379148,0
1999-08-02,12.100000,12.120000,11.870000,11.870000,7.203165,0
1999-08-09,11.860000,11.980000,11.720000,11.980000,7.269917,0
1999-08-16,12.100000,12.310000,12.070000,12.310000,7.470175,0
1999-08-23,12.420000,12.420000,12.310000,12.310000,7.470175,0
1999-08-30,12.350000,12.410000,12.200000,12.410000,7.530856,0
1999-09-06,12.430000,12.560000,12.410000,12.460000,7.561200,0
1999-09-13,12.520000,12.520000,12.300000,12.300000,7.464107,0
1999-09-20,12.380000,12.400000,12.100000,12.100000,7.342739,0
1999-09-27,12.130000,12.340000,12.130000,12.340000,7.488380,0
1999-10-04,12.400000,12.600000,12.400000,12.570000,7.627952,0
1999-10-11,12.620000,12.620000,12.330000,12.330000,7.482314,0
1999-10-18,12.140000,12.450000,12.140000,12.450000,7.555133,0
1999-10-25,12.440000,12.760000,12.390000,12.760000,7.743252,0
1999-11-01,12.750000,12.870000,12.750000,12.870000,7.810004,0
1999-11-08,12.840000,13.110000,12.840000,13.070000,7.931370,0
1999-11-15,13.150000,13.320000,13.150000,13.320000,8.083081,0
1999-11-22,13.310000,13.480000,13.250000,13.480000,8.180175,0
1999-11-29,13.470000,13.530000,13.280000,13.530000,8.210515,0
1999-12-06,13.690000,13.750000,13.690000,13.750000,8.344021,0
1999-12-13,13.730000,13.780000,13.570000,13.780000,8.362226,0
1999-12-20,13.860000,14.000000,13.840000,13.980000,8.483592,0
1999-12-27,14.040000,14.310000,14.040000,14.310000,8.816092,0
2000-01-03,14.430000,14.430000,13.530000,13.750000,8.471089,0
2000-01-10,13.940000,14.070000,13.860000,14.070000,8.668232,0
2000-01-17,13.970000,13.970000,13.760000,13.760000,8.477248,0
2000-01-24,13.740000,13.740000,13.560000,13.650000,8.409479,0
2000-01-31,13.420000,13.960000,13.420000,13.960000,8.600463,0
2000-02-07,13.870000,14.140000,13.870000,14.070000,8.668232,0
2000-02-14,13.920000,13.930000,13.710000,13.840000,8.526533,0
2000-02-21,13.730000,13.940000,13.730000,13.940000,8.588142,0
2000-02-28,13.750000,14.230000,13.750000,14.230000,8.766807,0
2000-03-06,14.250000,14.270000,14.110000,14.270000,8.791447,0
2000-03-13,13.950000,14.080000,13.760000,14.080000,8.674394,0
2000-03-20,14.160000,14.320000,14.090000,14.320000,8.822251,0
2000-03-27,14.360000,14.430000,14.100000,14.240000,8.797852,0
2000-04-03,14.060000,14.110000,13.890000,14.110000,8.717537,0
2000-04-10,14.130000,14.130000,13.470000,13.470000,8.322127,0
2000-04-17,13.150000,13.450000,13.150000,13.450000,8.309770,0
2000-04-24,13.510000,13.540000,13.350000,13.470000,8.322127,0
2000-05-01,13.510000,13.680000,13.380000,13.400000,8.278876,0
2000-05-08,13.290000,13.310000,13.030000,13.310000,8.223273,0
2000-05-15,13.220000,13.330000,12.790000,12.790000,7.902004,0
2000-05-22,12.600000,12.820000,12.580000,12.820000,7.920540,0
2000-05-29,13.220000,13.810000,13.110000,13.810000,8.532187,0
2000-06-05,13.780000,13.880000,13.720000,13.720000,8.476583,0
2000-06-12,13.760000,13.800000,13.610000,13.650000,8.433332,0
2000-06-19,13.690000,13.800000,13.530000,13.530000,8.359195,0
2000-06-26,13.480000,13.670000,13.480000,13.670000,8.445691,0
2000-07-03,13.790000,13.810000,13.710000,13.810000,8.532187,0
2000-07-10,13.890000,13.890000,13.700000,13.750000,8.495120,0
2000-07-17,13.770000,13.770000,13.450000,13.450000,8.309770,0
2000-07-24,13.400000,13.430000,12.980000,12.980000,8.019392,0
2000-07-31,13.060000,13.060000,12.860000,12.940000,7.994679,0
2000-08-07,13.040000,13.140000,12.960000,13.140000,8.118244,0
2000-08-14,13.200000,13.340000,13.200000,13.240000,8.180027,0
2000-08-21,13.170000,13.330000,13.170000,13.330000,8.235632,0
2000-08-28,13.350000,13.470000,13.190000,13.470000,8.322127,0
2000-09-04,13.310000,13.310000,12.960000,12.960000,8.007034,0
2000-09-11,12.830000,12.830000,12.650000,12.650000,7.815510,0
2000-09-18,12.460000,12.470000,12.310000,12.410000,7.667230,0
2000-09-25,12.500000,12.530000,12.460000,12.530000,7.741371,0
2000-10-02,12.580000,12.600000,12.470000,12.470000,7.704302,0
2000-10-09,12.280000,12.280000,11.970000,11.980000,7.401564,0
2000-10-16,11.960000,11.960000,11.670000,11.910000,7.358316,0
2000-10-23,11.910000,12.090000,11.850000,12.040000,7.438634,0
2000-10-30,12.050000,12.430000,12.050000,12.430000,7.679588,0
2000-11-06,12.470000,12.470000,12.170000,12.170000,7.518954,0
2000-11-13,11.960000,12.180000,11.960000,11.980000,7.401564,0
2000-11-20,11.790000,11.790000,11.530000,11.630000,7.185326,0
2000-11-27,11.820000,11.820000,11.610000,11.760000,7.265644,0
2000-12-04,11.790000,12.020000,11.790000,11.980000,7.401564,0
2000-12-11,12.130000,12.130000,11.850000,11.850000,7.321247,0
2000-12-18,11.880000,11.880000,11.620000,11.720000,7.240930,0
2000-12-25,11.810000,11.830000,11.720000,11.830000,7.308889,0
2001-01-01,11.780000,11.900000,11.660000,11.900000,7.485239,0
2001-01-08,11.850000,11.850000,11.590000,11.740000,7.384594,0
2001-01-15,11.660000,11.900000,11.660000,11.870000,7.466367,0
2001-01-22,11.880000,11.890000,11.800000,11.800000,7.422337,0
2001-01-29,11.810000,11.990000,11.810000,11.850000,7.453788,0
2001-02-05,11.820000,11.820000,11.500000,11.500000,7.233634,0
2001-02-12,11.610000,11.610000,11.360000,11.360000,7.145573,0
2001-02-19,11.230000,11.230000,11.010000,11.010000,6.925418,0
2001-02-26,11.050000,11.110000,11.000000,11.000000,6.919126,0
2001-03-05,11.030000,11.180000,11.030000,11.080000,6.969449,0
2001-03-12,10.720000,10.720000,10.210000,10.210000,6.422208,0
2001-03-19,10.190000,10.240000,9.810000,10.090000,6.346725,0
2001-03-26,10.420000,10.610000,10.260000,10.260000,6.453660,0
2001-04-02,10.160000,10.580000,10.060000,10.390000,6.535430,0
2001-04-09,10.390000,10.630000,10.390000,10.630000,6.686395,0
2001-04-16,10.520000,10.890000,10.480000,10.850000,6.824776,0
2001-04-23,10.760000,10.990000,10.760000,10.990000,6.912836,0
2001-04-30,11.070000,11.130000,10.980000,11.090000,6.975740,0
2001-05-07,11.120000,11.120000,10.920000,10.930000,6.875099,0
2001-05-14,10.740000,11.010000,10.740000,11.010000,6.925418,0
2001-05-21,11.100000,11.100000,10.920000,10.920000,6.868805,0
2001-05-28,10.830000,10.830000,10.650000,10.650000,6.698972,0
2001-06-04,10.680000,10.740000,10.680000,10.690000,6.724135,0
2001-06-11,10.530000,10.530000,10.370000,10.370000,6.522851,0
2001-06-18,10.260000,10.290000,10.180000,10.290000,6.472529,0
2001-06-25,10.310000,10.310000,10.190000,10.270000,6.459949,0
2001-07-02,10.350000,10.350000,9.880000,9.880000,6.214633,0
2001-07-09,9.890000,9.910000,9.830000,9.910000,6.233506,0
2001-07-16,9.940000,9.940000,9.780000,9.870000,6.208344,0
2001-07-23,9.800000,9.860000,9.740000,9.860000,6.202054,0
2001-07-30,9.910000,10.220000,9.910000,10.160000,6.390757,0
2001-08-06,10.110000,10.110000,9.910000,9.930000,6.246085,0
2001-08-13,9.950000,10.170000,9.950000,9.970000,6.271245,0
2001-08-20,9.900000,10.130000,9.900000,10.130000,6.371888,0
2001-08-27,10.110000,10.110000,9.760000,9.790000,6.158024,0
2001-09-03,9.680000,9.680000,9.260000,9.260000,5.824648,0
2001-09-10,9.170000,9.170000,9.170000,9.170000,5.768037,0
2001-09-17,8.690000,8.690000,8.080000,8.080000,5.082415,0
2001-09-24,8.400000,8.740000,8.400000,8.740000,5.497562,0
2001-10-01,8.670000,8.990000,8.670000,8.990000,5.654813,0
2001-10-08,8.980000,9.140000,8.920000,9.120000,5.736586,0
2001-10-15,9.000000,9.180000,8.940000,8.940000,5.623363,0
2001-10-22,8.980000,9.210000,8.980000,9.210000,5.793197,0
2001-10-29,9.130000,9.130000,8.940000,9.100000,5.724007,0
2001-11-05,9.250000,9.370000,9.250000,9.300000,5.849808,0
2001-11-12,9.170000,9.390000,9.170000,9.390000,5.906420,0
2001-11-19,9.450000,9.450000,9.330000,9.370000,5.893838,0
2001-11-26,9.450000,9.450000,9.240000,9.320000,5.862386,0
2001-12-03,9.230000,9.610000,9.230000,9.520000,5.988191,0
2001-12-10,9.360000,9.360000,9.190000,9.190000,5.780617,0
2001-12-17,9.330000,9.330000,9.200000,9.210000,5.793197,0
2001-12-24,9.180000,9.340000,9.170000,9.230000,5.805778,0
2001-12-31,9.280000,9.440000,9.280000,9.440000,6.044654,0
2002-01-07,9.370000,9.370000,9.170000,9.180000,5.878172,0
2002-01-14,9.050000,9.060000,8.940000,9.000000,5.762911,0
2002-01-21,8.920000,9.020000,8.920000,8.930000,5.718091,0
2002-01-28,8.990000,8.990000,8.760000,8.840000,5.660459,0
2002-02-04,8.790000,8.790000,8.620000,8.730000,5.590024,0
2002-02-11,8.850000,8.980000,8.830000,8.950000,5.730896,0
2002-02-18,8.720000,8.750000,8.670000,8.750000,5.602831,0
2002-02-25,8.820000,9.070000,8.810000,9.070000,5.807733,0
2002-03-04,9.330000,9.510000,9.270000,9.510000,6.089477,0
2002-03-11,9.530000,9.530000,9.350000,9.500000,6.083075,0
2002-03-18,9.480000,9.550000,9.410000,9.410000,6.025444,0
2002-03-25,9.310000,9.440000,9.310000,9.440000,6.044654,0
2002-04-01,9.440000,9.460000,9.410000,9.410000,6.025444,0
2002-04-08,9.290000,9.380000,9.260000,9.260000,5.929397,0
2002-04-15,9.340000,9.580000,9.340000,9.560000,6.121494,0
2002-04-22,9.510000,9.530000,9.460000,9.460000,6.057460,0
2002-04-29,9.440000,9.520000,9.440000,9.520000,6.095881,0
2002-05-06,9.490000,9.570000,9.380000,9.460000,6.057460,0
2002-05-13,9.520000,9.720000,9.520000,9.720000,6.223944,0
2002-05-20,9.700000,9.700000,9.640000,9.670000,6.191928,0
2002-05-27,9.640000,9.640000,9.590000,9.590000,6.140702,0
2002-06-03,9.580000,9.580000,9.300000,9.300000,5.955010,0
2002-06-10,9.300000,9.330000,8.930000,8.930000,5.718091,0
2002-06-17,9.070000,9.070000,8.870000,8.870000,5.679669,0
2002-06-24,8.810000,9.180000,8.810000,9.180000,5.878172,0
2002-07-01,9.170000,9.190000,8.830000,9.190000,5.884573,0
2002-07-08,9.220000,9.220000,8.740000,8.750000,5.602831,0
2002-07-15,8.660000,8.770000,8.480000,8.480000,5.429943,0
2002-07-22,8.170000,8.200000,7.900000,8.010000,5.128992,0
2002-07-29,8.420000,8.420000,8.030000,8.060000,5.161009,0
2002-08-05,7.830000,8.290000,7.830000,8.290000,5.308283,0
2002-08-12,8.180000,8.380000,8.180000,8.380000,5.365912,0
2002-08-19,8.480000,8.530000,8.360000,8.460000,5.417137,0
2002-08-26,8.450000,8.570000,8.240000,8.270000,5.295476,0
2002-09-02,7.940000,8.050000,7.900000,8.050000,5.154604,0
2002-09-09,7.970000,8.170000,7.890000,7.890000,5.052154,0
2002-09-16,7.810000,7.810000,7.580000,7.580000,4.853652,0
2002-09-23,7.380000,7.540000,7.250000,7.540000,4.828040,0
2002-09-30,7.370000,7.580000,7.300000,7.300000,4.674361,0
2002-10-07,7.180000,7.420000,7.040000,7.420000,4.751200,0
2002-10-14,7.380000,7.780000,7.380000,7.740000,4.956105,0
2002-10-21,7.750000,7.750000,7.550000,7.670000,4.911282,0
2002-10-28,7.760000,7.790000,7.560000,7.760000,4.968911,0
2002-11-04,7.980000,8.030000,7.870000,7.870000,5.039347,0
2002-11-11,7.780000,7.930000,7.780000,7.930000,5.077766,0
2002-11-18,7.960000,8.110000,7.910000,8.110000,5.193024,0
2002-11-25,8.070000,8.090000,7.950000,8.090000,5.180216,0
2002-12-02,8.140000,8.140000,7.900000,7.920000,5.098461,0
2002-12-09,7.800000,7.850000,7.780000,7.780000,5.008337,0
2002-12-16,7.920000,7.920000,7.730000,7.800000,5.021212,0
2002-12-23,7.820000,7.870000,7.560000,7.560000,4.866714,0
2002-12-30,7.670000,7.910000,7.670000,7.910000,5.195673,0
2003-01-06,7.990000,7.990000,7.780000,7.900000,5.189105,0
2003-01-13,7.920000,7.980000,7.830000,7.830000,5.143124,0
2003-01-20,7.700000,7.700000,7.590000,7.590000,4.985483,0
2003-01-27,7.390000,7.440000,7.380000,7.430000,4.880387,0
2003-02-03,7.530000,7.530000,7.330000,7.330000,4.844000,0
2003-02-10,7.270000,7.350000,7.270000,7.350000,4.857217,0
2003-02-17,7.500000,7.500000,7.390000,7.440000,4.916692,0
2003-02-24,7.360000,7.360000,7.160000,7.250000,4.791132,0
2003-03-03,7.320000,7.320000,7.050000,7.050000,4.686455,0
2003-03-10,6.920000,7.070000,6.740000,7.070000,4.699748,0
2003-03-17,7.180000,7.430000,7.180000,7.430000,4.939057,0
2003-03-24,7.240000,7.340000,7.240000,7.250000,4.819403,0
2003-03-31,7.110000,7.360000,7.110000,7.360000,4.892525,0
2003-04-07,7.530000,7.530000,7.380000,7.380000,4.905819,0
2003-04-14,7.450000,7.610000,7.450000,7.610000,5.058710,0
2003-04-21,7.580000,7.710000,7.570000,7.570000,5.032122,0
2003-04-28,7.680000,7.870000,7.680000,7.870000,5.231544,0
2003-05-05,7.950000,8.070000,7.940000,8.010000,5.324609,0
2003-05-12,8.070000,8.160000,8.070000,8.160000,5.424321,0
2003-05-19,8.020000,8.130000,8.000000,8.130000,5.404378,0
2003-05-26,8.190000,8.310000,8.190000,8.280000,5.504091,0
2003-06-02,8.420000,8.580000,8.380000,8.580000,5.703514,0
2003-06-09,8.560000,8.720000,8.550000,8.690000,5.776634,0
2003-06-16,8.820000,8.880000,8.770000,8.780000,5.836462,0
2003-06-23,8.640000,8.640000,8.550000,8.560000,5.690220,0
2003-06-30,8.500000,8.700000,8.500000,8.700000,5.783283,0
2003-07-07,8.840000,8.840000,8.680000,8.680000,5.769989,0
2003-07-14,8.820000,8.820000,8.540000,8.570000,5.696865,0
2003-07-21,8.570000,8.810000,8.570000,8.810000,5.856406,0
2003-07-28,8.870000,8.870000,8.710000,8.710000,5.789930,0
2003-08-04,8.680000,8.700000,8.620000,8.680000,5.769989,0
2003-08-11,8.740000,8.930000,8.740000,8.930000,5.936174,0
2003-08-18,8.990000,9.020000,8.970000,8.990000,5.976058,0
2003-08-25,8.960000,8.990000,8.890000,8.990000,5.976058,0
2003-09-01,9.120000,9.240000,9.120000,9.240000,6.142244,0
2003-09-08,9.310000,9.330000,9.240000,9.280000,6.168835,0
2003-09-15,9.290000,9.540000,9.290000,9.510000,6.321728,0
2003-09-22,9.410000,9.430000,9.270000,9.270000,6.162189,0
2003-09-29,9.280000,9.700000,9.240000,9.700000,6.448026,0
2003-10-06,9.680000,9.850000,9.680000,9.850000,6.547738,0
2003-10-13,9.890000,9.940000,9.890000,9.900000,6.580977,0
2003-10-20,9.930000,9.950000,9.670000,9.700000,6.448026,0
2003-10-27,9.760000,9.930000,9.760000,9.840000,6.541092,0
2003-11-03,9.910000,9.930000,9.810000,9.930000,6.600919,0
2003-11-10,9.890000,10.000000,9.790000,10.000000,6.647452,0
2003-11-17,10.000000,10.000000,9.780000,9.840000,6.541092,0
2003-11-24,9.900000,10.050000,9.900000,10.050000,6.680689,0
2003-12-01,10.210000,10.320000,10.210000,10.290000,6.840229,0
2003-12-08,10.280000,10.330000,10.230000,10.330000,6.866818,0
2003-12-15,10.370000,10.460000,10.360000,10.460000,6.953235,0
2003-12-22,10.510000,10.590000,10.410000,10.410000,6.919998,0
2003-12-29,10.470000,10.780000,10.470000,10.780000,7.296869,0
2004-01-05,10.930000,11.020000,10.850000,11.020000,7.459325,0
2004-01-12,10.990000,10.990000,10.860000,10.860000,7.351021,0
2004-01-19,11.000000,11.130000,11.000000,11.100000,7.513475,0
2004-01-26,11.050000,11.060000,10.810000,10.810000,7.317175,0
2004-02-02,10.830000,10.950000,10.780000,10.950000,7.411943,0
2004-02-09,11.040000,11.190000,11.040000,11.180000,7.567626,0
2004-02-16,11.310000,11.310000,11.130000,11.130000,7.533782,0
2004-02-23,11.160000,11.160000,11.010000,11.080000,7.499936,0
2004-03-01,11.260000,11.260000,11.050000,11.260000,7.621775,0
2004-03-08,11.230000,11.230000,10.770000,10.790000,7.303640,0
2004-03-15,10.660000,10.960000,10.660000,10.960000,7.418710,0
2004-03-22,10.760000,10.900000,10.760000,10.880000,7.364560,0
2004-03-29,11.050000,11.320000,11.030000,11.320000,7.662392,0
2004-04-05,11.290000,11.340000,11.270000,11.330000,7.669158,0
2004-04-12,11.350000,11.350000,11.040000,11.150000,7.547318,0
2004-04-19,11.130000,11.170000,11.030000,11.100000,7.513475,0
2004-04-26,11.150000,11.150000,10.780000,10.780000,7.296869,0
2004-05-03,10.790000,11.060000,10.670000,10.670000,7.222414,0
2004-05-10,10.250000,10.380000,10.250000,10.270000,6.951655,0
2004-05-17,10.150000,10.530000,10.150000,10.520000,7.120877,0
2004-05-24,10.550000,10.870000,10.550000,10.830000,7.330711,0
2004-05-31,10.810000,10.850000,10.770000,10.820000,7.323946,0
2004-06-07,11.050000,11.060000,10.910000,10.960000,7.418710,0
2004-06-14,10.760000,10.990000,10.760000,10.990000,7.439016,0
2004-06-21,10.990000,11.090000,10.890000,11.070000,7.493165,0
2004-06-28,11.170000,11.170000,11.030000,11.060000,7.486401,0
2004-07-05,10.920000,11.040000,10.920000,11.040000,7.472861,0
2004-07-12,11.030000,11.030000,10.890000,10.960000,7.418710,0
2004-07-19,10.920000,10.920000,10.650000,10.650000,7.208875,0
2004-07-26,10.600000,10.720000,10.590000,10.720000,7.256256,0
2004-08-02,10.710000,10.750000,10.580000,10.580000,7.161492,0
2004-08-09,10.560000,10.630000,10.510000,10.540000,7.134417,0
2004-08-16,10.610000,10.740000,10.610000,10.730000,7.263026,0
2004-08-23,10.730000,10.820000,10.680000,10.820000,7.323946,0
2004-08-30,10.810000,10.910000,10.800000,10.850000,7.344251,0
2004-09-06,10.950000,11.040000,10.930000,11.040000,7.472861,0
2004-09-13,11.090000,11.120000,10.980000,11.060000,7.486401,0
2004-09-20,11.040000,11.140000,11.020000,11.020000,7.459325,0
2004-09-27,10.970000,11.290000,10.970000,11.290000,7.642083,0
2004-10-04,11.330000,11.420000,11.330000,11.420000,7.730078,0
2004-10-11,11.410000,11.410000,11.210000,11.260000,7.621775,0
2004-10-18,11.240000,11.350000,11.240000,11.340000,7.675928,0
2004-10-25,11.300000,11.520000,11.300000,11.480000,7.770691,0
2004-11-01,11.550000,11.910000,11.550000,11.910000,8.061754,0
2004-11-08,11.890000,12.040000,11.870000,12.040000,8.149752,0
2004-11-15,12.100000,12.200000,12.060000,12.140000,8.217441,0
2004-11-22,12.060000,12.300000,12.060000,12.300000,8.325742,0
2004-11-29,12.350000,12.510000,12.310000,12.510000,8.467889,0
2004-12-06,12.480000,12.480000,12.160000,12.160000,8.230975,0
2004-12-13,12.310000,12.480000,12.310000,12.370000,8.373126,0
2004-12-20,12.520000,12.650000,12.490000,12.650000,8.562651,0
2004-12-27,12.770000,12.790000,12.500000,12.600000,8.528811,0
2005-01-03,12.550000,12.550000,12.220000,12.220000,8.439858,0
2005-01-10,12.270000,12.320000,12.270000,12.280000,8.481301,0
2005-01-17,12.260000,12.290000,12.160000,12.180000,8.412233,0
2005-01-24,12.230000,12.340000,12.190000,12.290000,8.488208,0
2005-01-31,12.390000,12.500000,12.390000,12.500000,8.633245,0
2005-02-07,12.490000,12.590000,12.420000,12.590000,8.695405,0
2005-02-14,12.710000,12.790000,12.700000,12.790000,8.833537,0
2005-02-21,12.860000,12.930000,12.770000,12.930000,8.930226,0
2005-02-28,12.970000,13.120000,12.900000,13.120000,9.061454,0
2005-03-07,13.070000,13.120000,13.050000,13.080000,9.033825,0
2005-03-14,13.000000,13.000000,12.900000,12.900000,8.909509,0
2005-03-21,12.810000,12.810000,12.570000,12.570000,8.681590,0
2005-03-28,12.560000,12.590000,12.440000,12.590000,8.695405,0
2005-04-04,12.490000,12.720000,12.490000,12.630000,8.723032,0
2005-04-11,12.720000,12.720000,12.350000,12.350000,8.529646,0
2005-04-18,12.250000,12.470000,12.250000,12.420000,8.577991,0
2005-04-25,12.470000,12.470000,12.190000,12.330000,8.515833,0
2005-05-02,12.320000,12.540000,12.320000,12.530000,8.653964,0
2005-05-09,12.520000,12.520000,12.210000,12.210000,8.432954,0
2005-05-16,12.210000,12.370000,12.210000,12.310000,8.502019,0
2005-05-23,12.400000,12.430000,12.360000,12.430000,8.584901,0
2005-05-30,12.340000,12.460000,12.340000,12.410000,8.571088,0
2005-06-06,12.450000,12.550000,12.440000,12.440000,8.591803,0
2005-06-13,12.390000,12.690000,12.390000,12.690000,8.764469,0
2005-06-20,12.610000,12.660000,12.520000,12.520000,8.647059,0
2005-06-27,12.510000,12.570000,12.500000,12.510000,8.640151,0
2005-07-04,12.480000,12.500000,12.390000,12.500000,8.633245,0
2005-07-11,12.660000,12.770000,12.660000,12.720000,8.785191,0
2005-07-18,12.700000,12.860000,12.660000,12.860000,8.881881,0
2005-07-25,12.790000,12.960000,12.780000,12.960000,8.950951,0
2005-08-01,13.070000,13.250000,13.070000,13.080000,9.033825,0
2005-08-08,13.160000,13.550000,13.160000,13.510000,9.330812,0
2005-08-15,13.490000,13.490000,13.210000,13.230000,9.137424,0
2005-08-22,13.400000,13.400000,13.230000,13.240000,9.144332,0
2005-08-29,13.200000,13.610000,13.120000,13.610000,9.399875,0
2005-09-05,13.750000,13.810000,13.660000,13.810000,9.538010,0
2005-09-12,13.740000,13.780000,13.620000,13.780000,9.517287,0
2005-09-19,13.710000,13.740000,13.630000,13.630000,9.413690,0
2005-09-26,13.740000,13.960000,13.710000,13.960000,9.641608,0
2005-10-03,13.880000,13.880000,13.590000,13.640000,9.420597,0
2005-10-10,13.580000,13.650000,13.370000,13.530000,9.344623,0
2005-10-17,13.450000,13.450000,13.090000,13.180000,9.102892,0
2005-10-24,13.310000,13.360000,13.290000,13.360000,9.227211,0
2005-10-31,13.490000,13.790000,13.490000,13.630000,9.413690,0
2005-11-07,13.670000,13.720000,13.610000,13.720000,9.475847,0
2005-11-14,13.660000,13.820000,13.550000,13.820000,9.544913,0
2005-11-21,13.900000,13.980000,13.840000,13.930000,9.620889,0
2005-11-28,13.890000,14.120000,13.850000,14.120000,9.752111,0
2005-12-05,14.160000,14.270000,14.160000,14.270000,9.855711,0
2005-12-12,14.420000,14.520000,14.390000,14.490000,10.007657,0
2005-12-19,14.470000,14.620000,14.470000,14.620000,10.097444,0
2005-12-26,14.560000,14.680000,14.270000,14.270000,9.855711,0
2006-01-02,14.680000,15.040000,14.680000,15.040000,10.599806,0
2006-01-09,15.050000,15.050000,14.910000,14.970000,10.550470,0
2006-01-16,14.780000,14.820000,14.590000,14.590000,10.282656,0
2006-01-23,14.780000,15.230000,14.780000,15.230000,10.733710,0
2006-01-30,15.180000,15.300000,15.010000,15.010000,10.578662,0
2006-02-06,15.070000,15.070000,14.920000,14.970000,10.550470,0
2006-02-13,14.840000,14.980000,14.840000,14.970000,10.550470,0
2006-02-20,15.000000,15.200000,15.000000,15.200000,10.712571,0
2006-02-27,15.270000,15.280000,15.140000,15.140000,10.670283,0
2006-03-06,15.130000,15.130000,14.890000,15.060000,10.613900,0
2006-03-13,15.210000,15.550000,15.210000,15.550000,10.959240,0
2006-03-20,15.620000,15.620000,15.430000,15.510000,10.931048,0
2006-03-27,15.520000,15.710000,15.460000,15.620000,11.008574,0
2006-04-03,15.790000,16.049999,15.790000,15.880000,11.191817,0
2006-04-10,15.910000,15.910000,15.730000,15.740000,11.093144,0
2006-04-17,15.850000,16.340000,15.850000,16.340000,11.516012,0
2006-04-24,16.280001,16.450001,16.280001,16.420000,11.572394,0
2006-05-01,16.510000,16.990000,16.510000,16.990000,11.974114,0
2006-05-08,17.040001,17.110001,16.629999,16.629999,11.720396,0
2006-05-15,16.450001,16.450001,15.830000,15.830000,11.156575,0
2006-05-22,15.470000,15.850000,15.470000,15.850000,11.170671,0
2006-05-29,15.610000,15.920000,15.610000,15.920000,11.220005,0
2006-06-05,15.670000,15.670000,14.800000,14.890000,10.494088,0
2006-06-12,14.680000,14.920000,14.270000,14.860000,10.472944,0
2006-06-19,14.740000,14.950000,14.740000,14.910000,10.508186,0
2006-06-26,14.950000,15.630000,14.820000,15.630000,11.015620,0
2006-07-03,15.800000,15.800000,15.490000,15.600000,10.994477,0
2006-07-10,15.690000,15.690000,15.020000,15.020000,10.585711,0
2006-07-17,14.810000,15.110000,14.770000,15.090000,10.635045,0
2006-07-24,15.350000,15.860000,15.350000,15.860000,11.177718,0
2006-07-31,15.810000,15.930000,15.640000,15.930000,11.227052,0
2006-08-07,15.750000,15.850000,15.740000,15.740000,11.093144,0
2006-08-14,15.810000,16.270000,15.810000,16.230000,11.438488,0
2006-08-21,16.209999,16.209999,16.020000,16.020000,11.290485,0
2006-08-28,16.080000,16.309999,16.080000,16.309999,11.494869,0
2006-09-04,16.410000,16.410000,15.970000,15.990000,11.269341,0
2006-09-11,15.850000,16.059999,15.850000,16.000000,11.276387,0
2006-09-18,16.090000,16.110001,16.040001,16.049999,11.311625,0
2006-09-25,16.059999,16.290001,16.059999,16.250000,11.452582,0
2006-10-02,16.309999,16.500000,16.290001,16.379999,11.544202,0
2006-10-09,16.340000,16.570000,16.340000,16.570000,11.678110,0
2006-10-16,16.670000,16.750000,16.559999,16.750000,11.804969,0
2006-10-23,16.780001,17.000000,16.780001,16.870001,11.889544,0
2006-10-30,16.840000,16.940001,16.840000,16.910000,11.917731,0
2006-11-06,17.120001,17.200001,17.040001,17.170000,12.100973,0
2006-11-13,17.100000,17.240000,17.100000,17.150000,12.086879,0
2006-11-20,17.040001,17.299999,17.040001,17.290001,12.185548,0
2006-11-27,17.110001,17.530001,17.110001,17.510000,12.340594,0
2006-12-04,17.639999,17.780001,17.639999,17.780001,12.530889,0
2006-12-11,17.730000,17.959999,17.730000,17.930000,12.636603,0
2006-12-18,17.850000,17.940001,17.850000,17.879999,12.601363,0
2006-12-25,17.950001,18.100000,17.670000,17.670000,12.453359,0
2007-01-01,17.809999,17.809999,17.459999,17.459999,12.584866,0
2007-01-08,17.480000,17.620001,17.299999,17.620001,12.700198,0
2007-01-15,17.629999,17.770000,17.620001,17.770000,12.808307,0
2007-01-22,17.740000,18.000000,17.700001,17.700001,12.757859,0
2007-01-29,17.700001,18.059999,17.700001,18.049999,13.010128,0
2007-02-05,17.990000,18.180000,17.990000,18.020000,12.988507,0
2007-02-12,17.940001,18.450001,17.940001,18.440001,13.291232,0
2007-02-19,18.469999,18.520000,18.370001,18.520000,13.348897,0
2007-02-26,18.559999,18.559999,17.450001,17.450001,12.577658,0
2007-03-05,17.110001,17.830000,17.110001,17.830000,12.851556,0
2007-03-12,17.930000,17.930000,17.510000,17.650000,12.721813,0
2007-03-19,17.920000,18.450001,17.920000,18.450001,13.298443,0
2007-03-26,18.459999,18.459999,18.230000,18.350000,13.226366,0
2007-04-02,18.450001,18.799999,18.450001,18.799999,13.550714,0
2007-04-09,18.770000,19.010000,18.770000,19.010000,13.702081,0
2007-04-16,19.260000,19.350000,19.110001,19.350000,13.947150,0
2007-04-23,19.200001,19.370001,19.170000,19.200001,13.839026,0
2007-04-30,19.070000,19.459999,19.070000,19.459999,14.026437,0
2007-05-07,19.540001,19.540001,19.150000,19.420000,13.997603,0
2007-05-14,19.350000,19.510000,19.350000,19.510000,14.062472,0
2007-05-21,19.469999,19.549999,19.340000,19.450001,14.019222,0
2007-05-28,19.500000,19.850000,19.500000,19.850000,14.307541,0
2007-06-04,19.889999,19.889999,19.219999,19.379999,13.968769,0
2007-06-11,19.420000,19.830000,19.170000,19.830000,14.293125,0
2007-06-18,19.870001,19.889999,19.650000,19.650000,14.163383,0
2007-06-25,19.580000,19.780001,19.540001,19.780001,14.257081,0
2007-07-02,20.059999,20.270000,20.059999,20.270000,14.610265,0
2007-07-09,20.370001,20.670000,20.180000,20.670000,14.898580,0
2007-07-16,20.590000,20.590000,20.430000,20.430000,14.725594,0
2007-07-23,20.580000,20.580000,19.230000,19.230000,13.860652,0
2007-07-30,19.580000,19.580000,19.090000,19.090000,13.759743,0
2007-08-06,19.450001,19.820000,18.959999,18.959999,13.666041,0
2007-08-13,19.010000,19.010000,18.020000,18.280001,13.175909,0
2007-08-20,18.389999,19.240000,18.389999,19.240000,13.867860,0
2007-08-27,19.129999,19.430000,18.670000,19.430000,14.004810,0
2007-09-03,19.620001,19.620001,19.150000,19.150000,13.802990,0
2007-09-10,19.080000,19.559999,19.080000,19.469999,14.033640,0
2007-09-17,19.209999,20.160000,19.209999,20.160000,14.530979,0
2007-09-24,20.190001,20.670000,20.190001,20.670000,14.898580,0
2007-10-01,20.969999,21.160000,20.840000,21.160000,15.251765,0
2007-10-08,21.000000,21.400000,21.000000,21.400000,15.424753,0
2007-10-15,21.219999,21.219999,20.730000,20.730000,14.941830,0
2007-10-22,20.670000,21.520000,20.670000,21.520000,15.511242,0
2007-10-29,21.719999,21.889999,21.260000,21.430000,15.446378,0
2007-11-05,21.070000,21.440001,20.700001,20.700001,14.920204,0
2007-11-12,20.290001,20.889999,20.290001,20.549999,14.812084,0
2007-11-19,20.020000,20.370001,19.900000,20.340000,14.660721,0
2007-11-26,20.010000,20.889999,20.010000,20.889999,15.057152,0
2007-12-03,20.790001,21.219999,20.690001,21.190001,15.273389,0
2007-12-10,21.309999,21.309999,20.230000,20.230000,14.581440,0
2007-12-17,19.719999,20.230000,19.719999,20.230000,14.581440,0
2007-12-24,20.370001,20.469999,19.860001,19.990000,14.408450,0
2007-12-31,19.889999,19.889999,19.330000,19.330000,14.297325,0
2008-01-07,19.330000,19.500000,19.120001,19.120001,14.142000,0
2008-01-14,19.360001,19.360001,18.020000,18.100000,13.387564,0
2008-01-21,17.389999,17.879999,17.320000,17.799999,13.165667,0
2008-01-28,17.950001,18.459999,17.950001,18.459999,13.653833,0
2008-02-04,18.420000,18.420000,17.370001,17.370001,12.847622,0
2008-02-11,17.389999,17.900000,17.389999,17.879999,13.224838,0
2008-02-18,18.129999,18.219999,18.040001,18.219999,13.476319,0
2008-02-25,18.469999,18.860001,18.250000,18.250000,13.498507,0
2008-03-03,18.209999,18.209999,17.750000,17.750000,13.128684,0
2008-03-10,17.490000,18.120001,17.490000,17.719999,13.106496,0
2008-03-17,17.260000,17.850000,17.209999,17.410000,12.877205,0
2008-03-24,17.690001,18.080000,17.690001,18.049999,13.350577,0
2008-03-31,18.120001,18.809999,18.120001,18.809999,13.912707,0
2008-04-07,18.910000,18.910000,18.440001,18.440001,13.639037,0
2008-04-14,18.400000,19.110001,18.400000,19.110001,14.134605,0
2008-04-21,19.180000,19.240000,19.040001,19.240000,14.230752,0
2008-04-28,19.270000,19.450001,19.080000,19.450001,14.386078,0
2008-05-05,19.480000,19.580000,19.219999,19.250000,14.238153,0
2008-05-12,19.440001,19.930000,19.389999,19.930000,14.741105,0
2008-05-19,19.910000,19.910000,19.420000,19.420000,14.363892,0
2008-05-26,19.360001,19.469999,19.340000,19.469999,14.400872,0
2008-06-02,19.320000,19.370001,18.860001,18.860001,13.949690,0
2008-06-09,18.830000,18.830000,18.180000,18.340000,13.565074,0
2008-06-16,18.410000,18.500000,17.870001,17.870001,13.217442,0
2008-06-23,17.870001,18.010000,17.610001,17.660000,13.062119,0
2008-06-30,17.719999,17.719999,17.180000,17.219999,12.736674,0
2008-07-07,17.170000,17.180000,16.930000,16.930000,12.522177,0
2008-07-14,16.900000,17.160000,16.610001,17.160000,12.692297,0
2008-07-21,17.309999,17.450001,17.120001,17.120001,12.662708,0
2008-07-28,16.900000,17.280001,16.870001,16.870001,12.477798,0
2008-08-04,16.639999,17.040001,16.639999,16.770000,12.403835,0
2008-08-11,16.760000,16.760000,16.230000,16.230000,12.004426,0
2008-08-18,16.120001,16.160000,15.890000,16.160000,11.952651,0
2008-08-25,15.930000,16.280001,15.930000,16.200001,11.982237,0
2008-09-01,15.950000,15.950000,15.120000,15.120000,11.183420,0
2008-09-08,15.450000,15.450000,14.900000,15.210000,11.249987,0
2008-09-15,14.520000,15.310000,13.800000,15.310000,11.323952,0
2008-09-22,15.090000,15.160000,14.780000,14.990000,11.087264,0
2008-09-29,13.600000,14.080000,13.370000,13.370000,9.889044,0
2008-10-06,12.490000,12.490000,10.790000,10.790000,7.980763,0
2008-10-13,12.100000,12.100000,10.780000,10.970000,8.113898,0
2008-10-20,11.660000,11.660000,9.690000,9.690000,7.167151,0
2008-10-27,9.220000,10.970000,9.220000,10.970000,8.113898,0
2008-11-03,11.030000,11.730000,10.470000,10.970000,8.113898,0
2008-11-10,10.890000,10.890000,9.930000,10.100000,7.470407,0
2008-11-17,9.920000,9.920000,8.780000,9.390000,6.945259,0
2008-11-24,10.010000,10.280000,10.010000,10.280000,7.603544,0
2008-12-01,9.460000,9.950000,9.460000,9.840000,7.278098,0
2008-12-08,10.330000,10.580000,10.250000,10.580000,7.825437,0
2008-12-15,10.590000,11.150000,10.590000,10.760000,7.958571,0
2008-12-22,10.640000,10.680000,10.540000,10.680000,7.899400,0
2008-12-29,10.790000,11.010000,10.680000,11.010000,8.143484,0
2009-01-05,10.900000,11.030000,10.610000,10.610000,8.091341,0
2009-01-12,10.340000,10.340000,9.820000,9.880000,7.534633,0
2009-01-19,9.250000,9.600000,9.250000,9.310000,7.099942,0
2009-01-26,9.520000,9.970000,9.500000,9.500000,7.244838,0
2009-02-02,9.400000,9.990000,9.400000,9.990000,7.618521,0
2009-02-09,10.010000,10.010000,9.560000,9.560000,7.290596,0
2009-02-16,9.020000,9.020000,8.870000,8.870000,6.764392,0
2009-02-23,8.620000,8.850000,8.590000,8.590000,6.550858,0
2009-03-02,8.130000,8.430000,8.100000,8.140000,6.207682,0
2009-03-09,7.970000,8.750000,7.970000,8.750000,6.672876,0
2009-03-16,8.830000,9.310000,8.830000,9.190000,7.008429,0
2009-03-23,9.810000,9.870000,9.550000,9.580000,7.305849,0
2009-03-30,9.170000,10.130000,9.170000,10.130000,7.725285,0
2009-04-06,10.020000,10.180000,9.820000,10.180000,7.763414,0
2009-04-13,10.280000,10.410000,10.220000,10.390000,7.923567,0
2009-04-20,9.960000,10.500000,9.960000,10.500000,8.007453,0
2009-04-27,10.310000,10.700000,10.220000,10.700000,8.159976,0
2009-05-04,11.160000,11.610000,11.110000,11.610000,8.853953,0
2009-05-11,11.390000,11.440000,11.120000,11.150000,8.503154,0
2009-05-18,11.560000,11.760000,11.560000,11.710000,8.930216,0
2009-05-25,11.900000,12.110000,11.770000,12.110000,9.235264,0
2009-06-01,12.450000,12.470000,12.110000,12.110000,9.235264,0
2009-06-08,12.030000,12.380000,12.030000,12.360000,9.425915,0
2009-06-15,11.920000,11.920000,11.780000,11.910000,9.082738,0
2009-06-22,11.530000,11.960000,11.530000,11.960000,9.120869,0
2009-06-29,12.060000,12.110000,11.780000,11.780000,8.983600,0
2009-07-06,11.760000,11.760000,11.460000,11.470000,8.747190,0
2009-07-13,11.620000,12.200000,11.620000,12.200000,9.303898,0
2009-07-20,12.480000,12.820000,12.480000,12.820000,9.776718,0
2009-07-27,12.880000,13.140000,12.750000,13.140000,10.020756,0
2009-08-03,13.480000,13.480000,13.300000,13.320000,10.158028,0
2009-08-10,13.240000,13.440000,13.110000,13.340000,10.173278,0
2009-08-17,12.890000,13.570000,12.890000,13.570000,10.348681,0
2009-08-24,13.610000,13.690000,13.610000,13.690000,10.440192,0
2009-08-31,13.590000,13.620000,13.300000,13.620000,10.386812,0
2009-09-07,13.910000,14.170000,13.910000,14.170000,10.806249,0
2009-09-14,14.160000,14.480000,14.160000,14.430000,11.004527,0
2009-09-21,14.310000,14.490000,14.140000,14.140000,10.783371,0
2009-09-28,14.300000,14.300000,13.800000,13.800000,10.524079,0
2009-10-05,13.990000,14.500000,13.990000,14.500000,11.057908,0
2009-10-12,14.570000,14.920000,14.530000,14.730000,11.233312,0
2009-10-19,14.970000,14.970000,14.730000,14.730000,11.233312,0
2009-10-26,14.550000,14.550000,14.000000,14.000000,10.676602,0
2009-11-02,14.090000,14.400000,14.030000,14.400000,10.981651,0
2009-11-09,14.800000,14.800000,14.630000,14.770000,11.263815,0
2009-11-16,15.020000,15.020000,14.570000,14.570000,11.111294,0
2009-11-23,14.830000,14.930000,14.470000,14.470000,11.035034,0
2009-11-30,14.530000,14.960000,14.530000,14.910000,11.370584,0
2009-12-07,14.830000,14.830000,14.580000,14.660000,11.179929,0
2009-12-14,14.750000,14.750000,14.420000,14.430000,11.004527,0
2009-12-21,14.450000,14.750000,14.450000,14.750000,11.248565,0
2009-12-28,14.810000,14.840000,14.410000,14.410000,10.989277,0
2010-01-04,14.780000,14.940000,14.780000,14.940000,11.663836,0
2010-01-11,15.010000,15.010000,14.840000,14.840000,11.585766,0
2010-01-18,14.970000,14.970000,14.080000,14.080000,10.992423,0
2010-01-25,14.190000,14.190000,13.680000,13.680000,10.680140,0
2010-02-01,13.910000,14.070000,13.280000,13.280000,10.367855,0
2010-02-08,13.170000,13.560000,13.170000,13.480000,10.523995,0
2010-02-15,13.740000,13.860000,13.740000,13.760000,10.742599,0
2010-02-22,13.820000,13.820000,13.590000,13.710000,10.703561,0
2010-03-01,13.850000,14.300000,13.850000,14.300000,11.164182,0
2010-03-08,14.340000,14.500000,14.320000,14.500000,11.320322,0
2010-03-15,14.380000,14.670000,14.380000,14.460000,11.289095,0
2010-03-22,14.480000,14.560000,14.320000,14.470000,11.296903,0
2010-03-29,14.620000,14.890000,14.620000,14.890000,11.624801,0
2010-04-05,14.910000,14.990000,14.820000,14.990000,11.702872,0
2010-04-12,15.010000,15.160000,14.850000,14.850000,11.593571,0
2010-04-19,14.800000,14.880000,14.710000,14.800000,11.554538,0
2010-04-26,14.850000,14.850000,14.320000,14.380000,11.226639,0
2010-05-03,14.430000,14.430000,13.020000,13.020000,10.164872,0
2010-05-10,13.760000,13.760000,13.290000,13.290000,10.375662,0
2010-05-17,13.270000,13.270000,12.540000,12.750000,9.954079,0
2010-05-24,12.600000,12.960000,12.380000,12.830000,10.016534,0
2010-05-31,12.710000,12.970000,12.520000,12.520000,9.774512,0
2010-06-07,12.340000,12.950000,12.340000,12.950000,10.110219,0
2010-06-14,13.070000,13.430000,13.070000,13.430000,10.484961,0
2010-06-21,13.510000,13.510000,13.180000,13.240000,10.336627,0
2010-06-28,13.180000,13.180000,12.680000,12.760000,9.961885,0
2010-07-05,13.010000,13.450000,13.010000,13.450000,10.500575,0
2010-07-12,13.440000,13.740000,13.380000,13.380000,10.445927,0
2010-07-19,13.430000,13.880000,13.370000,13.880000,10.836284,0
2010-07-26,13.980000,14.040000,13.980000,13.990000,10.922162,0
2010-08-02,14.410000,14.410000,14.400000,14.410000,11.250059,0
2010-08-09,14.460000,14.460000,13.740000,13.740000,10.726982,0
2010-08-16,13.830000,13.990000,13.710000,13.710000,10.703561,0
2010-08-23,13.650000,13.660000,13.430000,13.660000,10.664524,0
2010-08-30,13.520000,14.200000,13.520000,14.200000,11.086110,0
2010-09-06,14.040000,14.280000,14.040000,14.280000,11.148566,0
2010-09-13,14.520000,14.630000,14.490000,14.490000,11.312514,0
2010-09-20,14.730000,14.950000,14.620000,14.950000,11.671645,0
2010-09-27,14.910000,15.080000,14.910000,15.080000,11.773135,0
2010-10-04,14.950000,15.440000,14.950000,15.440000,12.054193,0
2010-10-11,15.420000,15.680000,15.400000,15.600000,12.179104,0
2010-10-18,15.660000,15.660000,15.290000,15.530000,12.124455,0
2010-10-25,15.610000,15.610000,15.340000,15.480000,12.085421,0
2010-11-01,15.490000,16.150000,15.490000,16.090000,12.561658,0
2010-11-08,16.000000,16.000000,15.600000,15.600000,12.179104,0
2010-11-15,15.590000,15.640000,15.230000,15.640000,12.210337,0
2010-11-22,15.540000,15.540000,15.060000,15.060000,11.757522,0
2010-11-29,14.950000,15.620000,14.780000,15.620000,12.194722,0
2010-12-06,15.570000,15.600000,15.570000,15.600000,12.179104,0
2010-12-13,15.760000,15.820000,15.610000,15.620000,12.194722,0
2010-12-20,15.610000,15.800000,15.610000,15.800000,12.335248,0
2010-12-27,15.760000,15.760000,15.540000,15.760000,12.304020,0
2011-01-03,15.860000,15.860000,15.580000,15.580000,12.358755,0
2011-01-10,15.520000,16.020000,15.520000,16.020000,12.707783,0
2011-01-17,16.080000,16.080000,15.840000,15.880000,12.596728,0
2011-01-24,15.980000,16.080000,15.790000,15.790000,12.525336,0
2011-01-31,15.870000,16.230000,15.870000,16.190001,12.842635,0
2011-02-07,16.219999,16.270000,16.020000,16.049999,12.731577,0
2011-02-14,16.129999,16.400000,16.090000,16.400000,13.009214,0
2011-02-21,15.980000,16.160000,15.940000,16.160000,12.818835,0
2011-02-28,16.299999,16.400000,16.160000,16.360001,12.977487,0
2011-03-07,16.230000,16.260000,15.870000,15.880000,12.596728,0
2011-03-14,15.670000,15.670000,15.060000,15.570000,12.350821,0
2011-03-21,15.890000,16.090000,15.890000,16.010000,12.699851,0
2011-03-28,15.990000,16.420000,15.990000,16.420000,13.025079,0
2011-04-04,16.440001,16.629999,16.420000,16.629999,13.191661,0
2011-04-11,16.530001,16.530001,16.330000,16.430000,13.033010,0
2011-04-18,16.120001,16.740000,16.120001,16.740000,13.278917,0
2011-04-25,16.730000,17.080000,16.730000,17.080000,13.548620,0
2011-05-02,17.059999,17.059999,16.420000,16.500000,13.088541,0
2011-05-09,16.559999,16.690001,16.230000,16.230000,12.874362,0
2011-05-16,16.170000,16.370001,16.170000,16.219999,12.866431,0
2011-05-23,15.860000,16.320000,15.860000,16.320000,12.945753,0
2011-05-30,16.590000,16.590000,16.309999,16.320000,12.945753,0
2011-06-06,16.150000,16.270000,15.860000,15.860000,12.580863,0
2011-06-13,15.900000,16.110001,15.610000,15.710000,12.461875,0
2011-06-20,15.650000,15.950000,15.600000,15.600000,12.374619,0
2011-06-27,15.680000,16.520000,15.680000,16.520000,13.104404,0
2011-07-04,16.480000,16.530001,16.389999,16.389999,13.001282,0
2011-07-11,15.960000,16.080000,15.840000,16.040001,12.723647,0
2011-07-18,15.800000,16.469999,15.800000,16.469999,13.064742,0
2011-07-25,16.389999,16.469999,16.090000,16.090000,12.763311,0
2011-08-01,15.990000,15.990000,14.660000,14.660000,11.628969,0
2011-08-08,13.700000,14.420000,13.700000,14.420000,11.438589,0
2011-08-15,14.750000,14.750000,13.800000,13.800000,10.946777,0
2011-08-22,13.860000,14.220000,13.860000,14.140000,11.216481,0
2011-08-29,14.450000,14.730000,14.330000,14.330000,11.367197,0
2011-09-05,13.860000,14.280000,13.650000,13.650000,10.827792,0
2011-09-12,13.470000,13.960000,13.470000,13.960000,11.073698,0
2011-09-19,13.630000,13.640000,12.710000,12.760000,10.121803,0
2011-09-26,12.900000,13.280000,12.900000,12.920000,10.248722,0
2011-10-03,12.530000,13.180000,12.530000,13.140000,10.423237,0
2011-10-10,13.630000,14.020000,13.600000,14.020000,11.121295,0
2011-10-17,13.740000,13.930000,13.640000,13.930000,11.049902,0
2011-10-24,14.220000,14.900000,14.010000,14.860000,11.787618,0
2011-10-31,14.240000,14.250000,13.800000,14.140000,11.216481,0
2011-11-07,14.200000,14.330000,13.700000,14.090000,11.176822,0
2011-11-14,13.900000,13.900000,13.450000,13.450000,10.669144,0
2011-11-21,13.110000,13.110000,12.630000,12.630000,10.018682,0
2011-11-28,13.130000,13.830000,13.130000,13.780000,10.930914,0
2011-12-05,13.900000,13.900000,13.530000,13.750000,10.907117,0
2011-12-12,13.390000,13.390000,13.040000,13.090000,10.383574,0
2011-12-19,12.930000,13.090000,12.900000,13.090000,10.383574,0
2011-12-26,13.060000,13.060000,12.850000,13.060000,10.690498,0
2012-01-02,13.430000,13.430000,13.110000,13.110000,10.731426,0
2012-01-09,13.150000,13.370000,13.150000,13.270000,10.862393,0
2012-01-16,13.440000,13.840000,13.440000,13.840000,11.328981,0
2012-01-23,13.940000,14.100000,13.870000,14.100000,11.541809,0
2012-01-30,13.950000,14.490000,13.950000,14.490000,11.861046,0
2012-02-06,14.420000,14.570000,14.310000,14.310000,11.713708,0
2012-02-13,14.470000,14.600000,14.370000,14.600000,11.951094,0
2012-02-20,14.640000,14.790000,14.620000,14.790000,12.106622,0
2012-02-27,14.690000,14.850000,14.690000,14.750000,12.073875,0
2012-03-05,14.640000,14.640000,14.210000,14.600000,11.951094,0
2012-03-12,14.540000,14.820000,14.540000,14.820000,12.131177,0
2012-03-19,14.860000,14.860000,14.510000,14.600000,11.951094,0
2012-03-26,14.790000,14.790000,14.530000,14.620000,11.967462,0
2012-04-02,14.770000,14.770000,14.250000,14.250000,11.664593,0
2012-04-09,14.180000,14.310000,13.910000,14.060000,11.509066,0
2012-04-16,14.130000,14.320000,14.130000,14.280000,11.689149,0
2012-04-23,14.040000,14.410000,14.040000,14.410000,11.795562,0
2012-04-30,14.360000,14.390000,13.990000,13.990000,11.451767,0
2012-05-07,14.040000,14.040000,13.650000,13.650000,11.173452,0
2012-05-14,13.390000,13.390000,12.830000,12.830000,10.502227,0
2012-05-21,13.060000,13.060000,12.820000,12.820000,10.494039,0
2012-05-28,13.010000,13.010000,12.490000,12.490000,10.223911,0
2012-06-04,12.520000,12.960000,12.520000,12.920000,10.575896,0
2012-06-11,12.790000,13.170000,12.790000,13.170000,10.780539,0
2012-06-18,13.170000,13.440000,13.100000,13.150000,10.764170,0
2012-06-25,12.910000,13.530000,12.910000,13.530000,11.075224,0
2012-07-02,13.600000,13.750000,13.430000,13.430000,10.993368,0
2012-07-09,13.380000,13.380000,13.170000,13.380000,10.952437,0
2012-07-16,13.360000,13.610000,13.360000,13.360000,10.936067,0
2012-07-23,13.100000,13.630000,12.970000,13.630000,11.157081,0
2012-07-30,13.660000,13.790000,13.430000,13.790000,11.288051,0
2012-08-06,13.870000,14.040000,13.870000,14.040000,11.492693,0
2012-08-13,13.980000,14.140000,13.980000,14.140000,11.574552,0
2012-08-20,14.110000,14.180000,14.090000,14.100000,11.541809,0
2012-08-27,14.060000,14.060000,13.840000,13.960000,11.427208,0
2012-09-03,13.880000,14.350000,13.840000,14.350000,11.746450,0
2012-09-10,14.270000,14.900000,14.270000,14.900000,12.196661,0
2012-09-17,14.820000,14.820000,14.500000,14.500000,11.869236,0
2012-09-24,14.450000,14.450000,14.220000,14.230000,11.841418,0
2012-10-01,14.320000,14.450000,14.300000,14.450000,12.024493,0
2012-10-08,14.350000,14.350000,14.140000,14.210000,11.824777,0
2012-10-15,14.320000,14.630000,14.320000,14.410000,11.991204,0
2012-10-22,14.500000,14.500000,14.230000,14.290000,11.891349,0
2012-10-29,14.310000,14.450000,14.310000,14.320000,11.916311,0
2012-11-05,14.330000,14.430000,14.100000,14.100000,11.733243,0
2012-11-12,14.090000,14.090000,13.880000,13.900000,11.566812,0
2012-11-19,14.160000,14.460000,14.140000,14.460000,12.032810,0
2012-11-26,14.410000,14.570000,14.340000,14.570000,12.124348,0
2012-12-03,14.550000,14.710000,14.550000,14.710000,12.240849,0
2012-12-10,14.730000,14.890000,14.730000,14.890000,12.390634,0
2012-12-17,14.950000,15.060000,14.870000,14.870000,12.373989,0
2012-12-24,14.850000,14.920000,14.840000,14.840000,12.512707,0
2012-12-31,14.980000,15.270000,14.980000,15.230000,12.841542,0
2013-01-07,15.180000,15.350000,15.090000,15.320000,12.917430,0
2013-01-14,15.350000,15.390000,15.260000,15.380000,12.968019,0
2013-01-21,15.380000,15.470000,15.350000,15.470000,13.043905,0
2013-01-28,15.380000,15.590000,15.380000,15.590000,13.145087,0
2013-02-04,15.360000,15.440000,15.310000,15.390000,12.976453,0
2013-02-11,15.360000,15.470000,15.360000,15.380000,12.968019,0
2013-02-18,15.520000,15.520000,15.170000,15.340000,12.934295,0
2013-02-25,15.100000,15.310000,15.100000,15.300000,12.900565,0
2013-03-04,15.290000,15.530000,15.290000,15.530000,13.094497,0
2013-03-11,15.580000,15.590000,15.440000,15.590000,13.145087,0
2013-03-18,15.420000,15.450000,15.310000,15.380000,12.968019,0
2013-03-25,15.280000,15.390000,15.280000,15.390000,13.007602,0
2013-04-01,15.250000,15.350000,15.190000,15.190000,12.838565,0
2013-04-08,15.240000,15.600000,15.240000,15.540000,13.134380,0
2013-04-15,15.190000,15.430000,15.100000,15.240000,12.880823,0
2013-04-22,15.290000,15.680000,15.290000,15.650000,13.227354,0
2013-04-29,15.810000,16.010000,15.810000,16.010000,13.531624,0
2013-05-06,15.990000,16.219999,15.990000,16.090000,13.599242,0
2013-05-13,16.049999,16.129999,16.030001,16.110001,13.616146,0
2013-05-20,16.200001,16.230000,15.760000,15.760000,13.320329,0
2013-05-27,15.800000,15.800000,15.450000,15.450000,13.058316,0
2013-06-03,15.530000,15.550000,15.270000,15.410000,13.024507,0
2013-06-10,15.420000,15.420000,15.160000,15.230000,12.872370,0
2013-06-17,15.410000,15.460000,14.510000,14.510000,12.263830,0
2013-06-24,14.250000,14.680000,14.250000,14.680000,12.569338,0
2013-07-01,14.820000,14.820000,14.670000,14.710000,12.595024,0
2013-07-08,14.760000,15.310000,14.760000,15.240000,13.048822,0
2013-07-15,15.330000,15.460000,15.330000,15.450000,13.228630,0
2013-07-22,15.520000,15.600000,15.490000,15.490000,13.262877,0
2013-07-29,15.360000,15.600000,15.350000,15.600000,13.357060,0
2013-08-05,15.610000,15.630000,15.450000,15.630000,13.382750,0
2013-08-12,15.630000,15.720000,15.630000,15.640000,13.391312,0
2013-08-19,15.510000,15.530000,15.270000,15.530000,13.297128,0
2013-08-26,15.440000,15.440000,15.100000,15.100000,12.928949,0
2013-09-02,15.330000,15.550000,15.330000,15.550000,13.314250,0
2013-09-09,15.780000,16.020000,15.780000,15.970000,13.673863,0
2013-09-16,16.100000,16.500000,16.100000,16.250000,13.913608,0
2013-09-23,16.250000,16.270000,16.230000,16.230000,13.955868,0
2013-09-30,16.120001,16.209999,16.120001,16.180000,13.912874,0
2013-10-07,16.070000,16.360001,15.960000,16.360001,14.067653,0
2013-10-14,16.400000,16.730000,16.350000,16.730000,14.385810,0
2013-10-21,16.760000,16.910000,16.730000,16.770000,14.420204,0
2013-10-28,16.750000,16.790001,16.590000,16.590000,14.265426,0
2013-11-04,16.639999,16.639999,16.400000,16.450001,14.145041,0
2013-11-11,16.430000,16.650000,16.389999,16.650000,14.317019,0
2013-11-18,16.709999,16.709999,16.559999,16.650000,14.317019,0
2013-11-25,16.600000,16.690001,16.580000,16.690001,14.351415,0
2013-12-02,16.590000,16.590000,16.309999,16.469999,14.162239,0
2013-12-09,16.510000,16.510000,16.180000,16.180000,13.912874,0
2013-12-16,16.290001,16.410000,16.219999,16.340000,14.050454,0
2013-12-23,16.459999,16.629999,16.459999,16.629999,14.426414,0
2013-12-30,16.709999,16.750000,16.500000,16.500000,14.313641,0
2014-01-06,16.480000,16.629999,16.480000,16.629999,14.426414,0
2014-01-13,16.549999,16.690001,16.549999,16.629999,14.426414,0
2014-01-20,16.690001,16.700001,16.190001,16.190001,14.044718,0
2014-01-27,16.049999,16.180000,15.950000,15.950000,13.836519,0
2014-02-03,15.690000,16.219999,15.690000,16.219999,14.070741,0
2014-02-10,16.170000,16.559999,16.170000,16.559999,14.365690,0
2014-02-17,16.650000,16.650000,16.580000,16.650000,14.443764,0
2014-02-24,16.760000,16.809999,16.670000,16.809999,14.582563,0
2014-03-03,16.480000,16.920000,16.480000,16.820000,14.591237,0
2014-03-10,16.719999,16.719999,16.299999,16.299999,14.140143,0
2014-03-17,16.469999,16.580000,16.330000,16.330000,14.166167,0
2014-03-24,16.260000,16.650000,16.260000,16.650000,14.443764,0
2014-03-31,16.760000,16.889999,16.760000,16.799999,14.677246,0
2014-04-07,16.740000,16.990000,16.620001,16.620001,14.519993,0
2014-04-14,16.700001,16.840000,16.610001,16.840000,14.712196,0
2014-04-21,16.850000,16.930000,16.770000,16.770000,14.651037,0
2014-04-28,16.830000,17.020000,16.830000,17.020000,14.869450,0
2014-05-05,17.000000,17.020000,17.000000,17.000000,14.851979,0
2014-05-12,17.110001,17.150000,17.070000,17.100000,14.939342,0
2014-05-19,17.080000,17.219999,16.980000,17.219999,15.044181,0
2014-05-26,17.280001,17.330000,17.250000,17.299999,15.114072,0
2014-06-02,17.340000,17.530001,17.330000,17.530001,15.315012,0
2014-06-09,17.520000,17.540001,17.480000,17.500000,15.288800,0
2014-06-16,17.469999,17.650000,17.459999,17.629999,15.402374,0
2014-06-23,17.400000,17.400000,17.309999,17.379999,15.183959,0
2014-06-30,17.410000,17.639999,17.410000,17.639999,15.579896,0
2014-07-07,17.520000,17.520000,17.280001,17.290001,15.270779,0
2014-07-14,17.400000,17.459999,17.280001,17.400000,15.367930,0
2014-07-21,17.340000,17.520000,17.340000,17.450001,15.412090,0
2014-07-28,17.469999,17.469999,17.049999,17.049999,15.058803,0
2014-08-04,17.139999,17.139999,16.780001,16.840000,14.873331,0
2014-08-11,16.940001,17.110001,16.940001,17.110001,15.111795,0
2014-08-18,17.200001,17.270000,17.200001,17.209999,15.200118,0
2014-08-25,17.290001,17.400000,17.290001,17.309999,15.288442,0
2014-09-01,17.309999,17.450001,17.309999,17.389999,15.359094,0
2014-09-08,17.219999,17.219999,17.030001,17.030001,15.041142,0
2014-09-15,17.010000,17.070000,16.959999,16.980000,14.996981,0
2014-09-22,16.870001,16.870001,16.490000,16.570000,14.634861,0
2014-09-29,16.410000,16.410000,16.049999,16.070000,14.264279,0
2014-10-06,16.180000,16.180000,15.570000,15.570000,13.820462,0
2014-10-13,15.560000,15.580000,15.370000,15.580000,13.829342,0
2014-10-20,15.680000,15.920000,15.680000,15.920000,14.131134,0
2014-10-27,15.840000,16.309999,15.840000,16.309999,14.477312,0
2014-11-03,16.180000,16.180000,16.000000,16.010000,14.211021,0
2014-11-10,16.100000,16.170000,16.080000,16.160000,14.344167,0
2014-11-17,16.080000,16.299999,16.080000,16.299999,14.468436,0
2014-11-24,16.350000,16.430000,16.270000,16.270000,14.441807,0
2014-12-01,16.190001,16.219999,16.170000,16.180000,14.361918,0
2014-12-08,16.020000,16.020000,15.460000,15.460000,13.722824,0
2014-12-15,15.210000,15.720000,15.210000,15.610000,13.855968,0
2014-12-22,15.700000,15.730000,15.660000,15.730000,13.962484,0
2014-12-29,15.710000,15.710000,15.500000,15.500000,13.870286,0
2015-01-05,15.190000,15.400000,15.040000,15.320000,13.709211,0
2015-01-12,15.280000,15.510000,15.280000,15.510000,13.879234,0
2015-01-19,15.540000,15.750000,15.540000,15.710000,14.058206,0
2015-01-26,15.830000,15.830000,15.570000,15.570000,13.932925,0
2015-02-02,15.750000,16.049999,15.750000,15.870000,14.201383,0
2015-02-09,15.810000,16.160000,15.810000,16.160000,14.460892,0
2015-02-16,16.200001,16.379999,16.200001,16.379999,14.657758,0
2015-02-23,16.330000,16.459999,16.330000,16.430000,14.702503,0
2015-03-02,16.430000,16.430000,16.090000,16.090000,14.398252,0
2015-03-09,16.059999,16.059999,15.740000,15.820000,14.156641,0
2015-03-16,15.990000,16.430000,15.980000,16.430000,14.702503,0
2015-03-23,16.510000,16.510000,16.230000,16.230000,14.523531,0
2015-03-30,16.299999,16.389999,16.129999,16.389999,14.709475,0
2015-04-06,16.559999,16.770000,16.559999,16.770000,15.050510,0
2015-04-13,16.719999,16.980000,16.719999,16.770000,15.050510,0
2015-04-20,16.770000,17.110001,16.770000,17.110001,15.355649,0
2015-04-27,17.200001,17.219999,16.950001,17.010000,15.265902,0
2015-05-04,17.020000,17.080000,16.780001,17.080000,15.328726,0
2015-05-11,16.980000,17.270000,16.959999,17.270000,15.499245,0
2015-05-18,17.209999,17.219999,17.139999,17.139999,15.382574,0
2015-05-25,16.870001,16.990000,16.790001,16.790001,15.068460,0
2015-06-01,16.750000,16.879999,16.540001,16.540001,14.844097,0
2015-06-08,16.510000,16.719999,16.420000,16.620001,14.915891,0
2015-06-15,16.500000,16.629999,16.500000,16.570000,14.871017,0
2015-06-22,16.850000,16.900000,16.580000,16.580000,14.879991,0
2015-06-29,16.139999,16.250000,16.139999,16.250000,14.735478,0
2015-07-06,15.920000,16.070000,15.480000,16.070000,14.572254,0
2015-07-13,16.190001,16.330000,16.190001,16.309999,14.789887,0
2015-07-20,16.280001,16.280001,15.920000,15.920000,14.436234,0
2015-07-27,15.750000,16.040001,15.750000,16.040001,14.545052,0
2015-08-03,15.980000,16.049999,15.950000,15.950000,14.463439,0
2015-08-10,16.150000,16.150000,15.770000,15.770000,14.300217,0
2015-08-17,15.740000,15.740000,14.830000,14.830000,13.447824,0
2015-08-24,14.230000,14.970000,14.230000,14.970000,13.574777,0
2015-08-31,14.870000,14.870000,14.310000,14.310000,12.976290,0
2015-09-07,14.640000,14.700000,14.640000,14.690000,13.320873,0
2015-09-14,14.630000,14.970000,14.630000,14.660000,13.293669,0
2015-09-21,14.670000,14.670000,14.110000,14.220000,12.894679,0
2015-09-28,13.960000,14.460000,13.920000,14.460000,13.177037,0
2015-10-05,14.750000,15.170000,14.750000,15.170000,13.824043,0
2015-10-12,15.160000,15.250000,14.990000,15.240000,13.887831,0
2015-10-19,15.190000,15.380000,15.100000,15.380000,14.015411,0
2015-10-26,15.320000,15.320000,15.110000,15.110000,13.769366,0
2015-11-02,15.230000,15.270000,15.080000,15.080000,13.742029,0
2015-11-09,14.930000,14.940000,14.660000,14.660000,13.359294,0
2015-11-16,14.780000,15.060000,14.780000,15.060000,13.723805,0
2015-11-23,14.980000,14.990000,14.960000,14.960000,13.632676,0
2015-11-30,14.910000,15.090000,14.880000,14.950000,13.623560,0
2015-12-07,14.820000,14.820000,14.270000,14.270000,13.003897,0
2015-12-14,14.260000,14.610000,14.260000,14.280000,13.013008,0
2015-12-21,14.340000,14.650000,14.340000,14.610000,13.415501,0
2015-12-28,14.570000,14.720000,14.490000,14.490000,13.305312,0
2016-01-04,14.210000,14.210000,13.560000,13.560000,12.451349,0
2016-01-11,13.510000,13.560000,13.090000,13.090000,12.019774,0
2016-01-18,13.180000,13.310000,12.870000,13.310000,12.221789,0
2016-01-25,13.180000,13.680000,13.180000,13.680000,12.561538,0
2016-02-01,13.650000,13.650000,13.350000,13.350000,12.258517,0
2016-02-08,13.120000,13.120000,12.760000,12.920000,11.863674,0
2016-02-15,13.180000,13.430000,13.180000,13.380000,12.286065,0
2016-02-22,13.540000,13.540000,13.280000,13.390000,12.295249,0
2016-02-29,13.370000,14.100000,13.370000,14.100000,12.947200,0
2016-03-07,14.110000,14.310000,13.940000,14.310000,13.140030,0
2016-03-14,14.260000,14.440000,14.100000,14.440000,13.259399,0
2016-03-21,14.410000,14.410000,14.150000,14.150000,13.033184,0
2016-03-28,14.210000,14.500000,14.210000,14.280000,13.152925,0
2016-04-04,14.250000,14.250000,13.980000,14.230000,13.106868,0
2016-04-11,14.270000,14.710000,14.270000,14.690000,13.530564,0
2016-04-18,14.770000,15.000000,14.770000,14.900000,13.723989,0
2016-04-25,14.830000,14.900000,14.740000,14.740000,13.576618,0
2016-05-02,14.830000,14.830000,14.370000,14.380000,13.245032,0
2016-05-09,14.330000,14.520000,14.280000,14.280000,13.152925,0
2016-05-16,14.410000,14.410000,14.220000,14.320000,13.189767,0
2016-05-23,14.290000,14.640000,14.290000,14.630000,13.475300,0
2016-05-30,14.590000,14.720000,14.590000,14.720000,13.558198,0
2016-06-06,14.830000,15.020000,14.490000,14.490000,13.346349,0
2016-06-13,14.100000,14.100000,13.920000,14.090000,12.977921,0
2016-06-20,14.420000,14.850000,13.800000,13.800000,12.861706,0
2016-06-27,13.500000,14.330000,13.500000,14.330000,13.355668,0
2016-07-04,14.080000,14.190000,14.020000,14.190000,13.225187,0
2016-07-11,14.390000,14.700000,14.390000,14.650000,13.653913,0
2016-07-18,14.690000,14.700000,14.600000,14.670000,13.672552,0
2016-07-25,14.650000,14.910000,14.650000,14.910000,13.896234,0
2016-08-01,14.850000,14.900000,14.720000,14.900000,13.886914,0
2016-08-08,14.940000,15.200000,14.940000,15.180000,14.147877,0
2016-08-15,15.250000,15.300000,15.190000,15.190000,14.157197,0
2016-08-22,15.170000,15.210000,15.050000,15.050000,14.026717,0
2016-08-29,15.090000,15.250000,15.020000,15.250000,14.213117,0
2016-09-05,15.440000,15.460000,15.110000,15.110000,14.082636,0
2016-09-12,15.090000,15.090000,14.750000,14.750000,13.747113,0
2016-09-19,14.860000,15.310000,14.860000,15.190000,14.237288,0
2016-09-26,15.040000,15.240000,15.040000,15.140000,14.190423,0
2016-10-03,15.160000,15.190000,15.050000,15.050000,14.106070,0
2016-10-10,15.110000,15.110000,14.810000,14.830000,13.899866,0
2016-10-17,14.800000,15.040000,14.800000,15.000000,14.059203,0
2016-10-24,15.010000,15.010000,14.880000,14.890000,13.956104,0
2016-10-31,14.880000,14.880000,14.590000,14.590000,13.674919,0
2016-11-07,14.790000,14.820000,14.520000,14.520000,13.609309,0
2016-11-14,14.430000,14.520000,14.370000,14.370000,13.468717,0
2016-11-21,14.480000,14.550000,14.480000,14.530000,13.618681,0
2016-11-28,14.520000,14.560000,14.520000,14.540000,13.628056,0
2016-12-05,14.640000,14.980000,14.640000,14.980000,14.040457,0
2016-12-12,14.920000,15.060000,14.780000,14.780000,13.853002,0
2016-12-19,14.640000,14.670000,14.610000,14.620000,13.703036,0
2016-12-26,14.630000,14.730000,14.610000,14.730000,13.921998,0
2017-01-02,14.820000,15.120000,14.820000,15.060000,14.233897,0
2017-01-09,15.020000,15.230000,15.020000,15.230000,14.394569,0
2017-01-16,15.190000,15.190000,15.120000,15.180000,14.347314,0
2017-01-23,15.220000,15.440000,15.220000,15.380000,14.536344,0
2017-01-30,15.270000,15.440000,15.270000,15.440000,14.593050,0
2017-02-06,15.370000,15.500000,15.340000,15.500000,14.649759,0
2017-02-13,15.580000,15.660000,15.580000,15.620000,14.763177,0
2017-02-20,15.680000,15.700000,15.590000,15.590000,14.734824,0
2017-02-27,15.560000,15.680000,15.530000,15.630000,14.772630,0
2017-03-06,15.590000,15.600000,15.490000,15.600000,14.744275,0
2017-03-13,15.700000,15.970000,15.610000,15.970000,15.093978,0
2017-03-20,15.980000,15.980000,15.880000,15.920000,15.046721,0
2017-03-27,15.960000,16.030001,15.920000,15.920000,15.092283,0
2017-04-03,15.920000,15.930000,15.850000,15.850000,15.025922,0
2017-04-10,15.840000,15.900000,15.820000,15.820000,14.997482,0
2017-04-17,15.930000,15.930000,15.760000,15.870000,15.044883,0
2017-04-24,16.190001,16.320000,16.190001,16.270000,15.424085,0
2017-05-01,16.299999,16.549999,16.299999,16.549999,15.689527,0
2017-05-08,16.500000,16.580000,16.490000,16.580000,15.717966,0
2017-05-15,16.680000,16.770000,16.520000,16.719999,15.850688,0
2017-05-22,16.760000,16.809999,16.750000,16.780001,15.907569,0
2017-05-29,16.760000,17.000000,16.760000,17.000000,16.116131,0
2017-06-05,16.959999,16.959999,16.840000,16.840000,15.964450,0
2017-06-12,16.780001,16.900000,16.730000,16.820000,15.945488,0
2017-06-19,16.910000,16.910000,16.570000,16.639999,15.774848,0
2017-06-26,16.690001,16.790001,16.670000,16.670000,15.970453,0
2017-07-03,16.670000,16.670000,16.580000,16.590000,15.893812,0
2017-07-10,16.629999,17.059999,16.629999,17.059999,16.344086,0
2017-07-17,17.040001,17.200001,17.040001,17.150000,16.430311,0
2017-07-24,17.129999,17.230000,17.129999,17.209999,16.487791,0
2017-07-31,17.240000,17.340000,17.240000,17.340000,16.612337,0
2017-08-07,17.370001,17.370001,16.980000,16.980000,16.267445,0
2017-08-14,17.100000,17.190001,17.030001,17.059999,16.344086,0
2017-08-21,17.080000,17.280001,17.080000,17.280001,16.554855,0
2017-08-28,17.299999,17.389999,17.230000,17.389999,16.660240,0
2017-09-04,17.290001,17.500000,17.290001,17.500000,16.765623,0
2017-09-11,17.620001,17.670000,17.590000,17.650000,16.909328,0
2017-09-18,17.680000,17.680000,17.580000,17.600000,16.861427,0
2017-09-25,17.490000,17.570000,17.430000,17.570000,16.922659,0
2017-10-02,17.570000,17.650000,17.570000,17.629999,16.980450,0
2017-10-09,17.620001,17.920000,17.620001,17.920000,17.259766,0
2017-10-16,17.930000,17.930000,17.850000,17.850000,17.192345,0
2017-10-23,17.790001,17.830000,17.740000,17.809999,17.153816,0
2017-10-30,17.840000,18.000000,17.840000,17.980000,17.317553,0
2017-11-06,18.030001,18.030001,17.879999,17.879999,17.221235,0
2017-11-13,17.809999,17.850000,17.660000,17.850000,17.192345,0
2017-11-20,17.879999,18.170000,17.879999,18.170000,17.500553,0
2017-11-27,18.059999,18.139999,17.980000,17.980000,17.317553,0
2017-12-04,17.930000,17.940001,17.799999,17.940001,17.279030,0
2017-12-11,17.990000,18.059999,17.990000,18.000000,17.336819,0
2017-12-18,18.180000,18.180000,17.969999,18.080000,17.413868,0
2017-12-25,18.080000,18.240000,18.080000,18.240000,17.735064,0
2018-01-01,18.440001,18.830000,18.440001,18.830000,18.308729,0
2018-01-08,18.820000,19.040001,18.780001,19.040001,18.512920,0
2018-01-15,19.059999,19.240000,19.059999,19.240000,18.707380,0
2018-01-22,19.350000,19.620001,19.350000,19.620001,19.076864,0
2018-01-29,19.430000,19.430000,18.879999,18.879999,18.357347,0
2018-02-05,18.230000,18.420000,17.770000,17.850000,17.355860,0
2018-02-12,18.049999,18.559999,18.049999,18.559999,18.046206,0
2018-02-19,18.430000,18.650000,18.400000,18.650000,18.133715,0
2018-02-26,18.770000,18.770000,18.120001,18.139999,17.637833,0
2018-03-05,18.200001,18.510000,18.200001,18.510000,17.997591,0
2018-03-12,18.540001,18.540001,18.430000,18.430000,17.919806,0
2018-03-19,18.250000,18.350000,17.730000,17.730000,17.239183,0
2018-03-26,18.080000,18.110001,17.910000,18.110001,17.650829,0
2018-04-02,17.870001,18.160000,17.870001,18.000000,17.543619,0
2018-04-09,18.120001,18.340000,18.120001,18.299999,17.836010,0
2018-04-16,18.340000,18.490000,18.340000,18.340000,17.874998,0
2018-04-23,18.270000,18.299999,18.160000,18.299999,17.836010,0
2018-04-30,18.260000,18.260000,18.170000,18.230000,17.767786,0
2018-05-07,18.230000,18.490000,18.230000,18.490000,18.021194,0
2018-05-14,18.520000,18.520000,18.309999,18.309999,17.845758,0
2018-05-21,18.400000,18.400000,18.120001,18.120001,17.660576,0
2018-05-28,17.809999,18.059999,17.809999,18.059999,17.602097,0
2018-06-04,18.180000,18.270000,18.129999,18.190001,17.728802,0
2018-06-11,18.260000,18.260000,18.000000,18.000000,17.543619,0
2018-06-18,17.879999,17.879999,17.379999,17.570000,17.124521,0
2018-06-25,17.309999,17.350000,17.150000,17.350000,17.091534,0
2018-07-02,17.190001,17.430000,17.190001,17.430000,17.170341,0
2018-07-09,17.590000,17.610001,17.320000,17.510000,17.249151,0
2018-07-16,17.490000,17.559999,17.440001,17.559999,17.298405,0
2018-07-23,17.530001,17.799999,17.530001,17.780001,17.515129,0
2018-07-30,17.780001,17.780001,17.570000,17.600000,17.337809,0
2018-08-06,17.540001,17.629999,17.290001,17.290001,17.032429,0
2018-08-13,17.129999,17.170000,16.910000,17.090000,16.835407,0
2018-08-20,17.180000,17.370001,17.180000,17.360001,17.101385,0
2018-08-27,17.590000,17.639999,17.389999,17.389999,17.130938,0
2018-09-03,17.180000,17.180000,16.900000,16.900000,16.648237,0
2018-09-10,16.900000,17.129999,16.900000,17.129999,16.874809,0
2018-09-17,17.129999,17.580000,17.129999,17.580000,17.318106,0
2018-09-24,17.480000,17.490000,17.360001,17.360001,17.101385,0
2018-10-01,17.370001,17.370001,16.870001,16.870001,16.697971,0
2018-10-08,16.780001,16.780001,16.150000,16.299999,16.133783,0
2018-10-15,16.240000,16.530001,16.150000,16.230000,16.064497,0
2018-10-22,16.200001,16.200001,15.610000,15.640000,15.480514,0
2018-10-29,15.540000,16.200001,15.540000,16.200001,16.034803,0
2018-11-05,16.230000,16.459999,16.150000,16.150000,15.985312,0
2018-11-12,15.880000,16.090000,15.880000,16.090000,15.925925,0
2018-11-19,15.970000,15.970000,15.700000,15.800000,15.638883,0
2018-11-26,15.990000,16.180000,15.960000,16.110001,15.945722,0
2018-12-03,16.320000,16.320000,15.620000,15.620000,15.460717,0
2018-12-10,15.470000,15.740000,15.460000,15.520000,15.361737,0
2018-12-17,15.370000,15.370000,14.810000,14.810000,14.658978,0
2018-12-24,14.720000,15.100000,14.720000,15.100000,15.100000,0
2018-12-31,15.170000,15.420000,14.980000,15.420000,15.420000,0
2019-01-07,15.500000,15.840000,15.500000,15.790000,15.790000,0
2019-01-14,15.710000,16.040001,15.710000,16.040001,16.040001,0
2019-01-21,15.850000,16.139999,15.850000,16.139999,16.139999,0
2019-01-28,16.040001,16.320000,16.040001,16.290001,16.290001,0
2019-02-04,16.330000,16.459999,16.110001,16.110001,16.110001,0
2019-02-11,16.080000,16.400000,16.080000,16.400000,16.400000,0
2019-02-18,16.480000,16.620001,16.480000,16.620001,16.620001,0
2019-02-25,16.690001,16.740000,16.600000,16.660000,16.660000,0
2019-03-04,16.639999,16.670000,16.350000,16.350000,16.350000,0
2019-03-11,16.520000,16.559999,16.520000,16.559999,16.559999,0
